,dia_1,dia_2,dia_3,dia_4,dia_5,dia_6,dia_7,dia_8,dia_9,dia_10,dia_11,dia_12,dia_13,dia_14,dia_15,dia_16,dia_17,dia_18,dia_19,dia_20,dia_21,dia_22,dia_23,dia_24,dia_25,dia_26,dia_27,dia_28,dia_29,dia_30
0,13,8,5,22,12,20,16,31,26,6,10,34,9,32,24,9,19,30,17,17,10,8,31,5,15,22,34,34,5,31
1,32,17,30,18,7,24,9,29,33,15,33,32,26,34,11,32,21,25,24,24,24,23,19,9,34,5,28,32,6,12
2,13,28,25,30,6,7,10,28,25,30,16,14,6,21,16,31,28,7,29,7,26,28,13,32,6,8,8,32,25,24
3,10,25,20,34,28,23,22,34,9,23,25,20,6,22,19,24,32,8,14,21,33,6,9,29,16,18,15,9,22,6
4,8,16,32,30,29,9,34,8,31,21,24,30,10,29,17,19,14,27,34,27,30,18,9,21,22,11,32,18,28,5
5,26,13,33,10,31,5,23,21,31,29,18,5,10,34,27,13,24,13,9,11,24,26,14,21,33,14,11,10,27,11
6,29,19,9,6,8,13,22,7,25,24,30,22,29,30,17,11,14,19,20,10,5,8,13,29,9,13,27,21,14,17
7,6,24,23,5,14,27,6,25,7,31,27,16,32,6,24,30,24,10,25,20,30,32,14,33,25,14,16,9,18,18
8,29,21,17,16,9,8,5,14,12,14,6,21,13,32,23,8,21,11,22,18,13,29,31,34,18,28,24,15,31,11
9,9,32,26,26,22,25,19,29,11,16,28,8,10,31,15,30,29,20,9,22,20,34,25,10,20,16,32,18,12,30
10,19,22,34,12,25,33,8,34,17,22,24,13,34,32,18,9,22,22,33,5,24,29,22,10,6,14,27,21,26,5
11,11,14,26,5,12,28,21,29,33,24,30,28,34,25,18,11,13,10,25,14,22,30,5,7,24,14,27,21,21,22
12,30,30,32,6,17,20,28,26,25,28,22,27,16,27,15,15,24,15,7,24,18,22,10,32,32,34,17,34,24,22
13,28,12,15,29,31,34,14,28,15,7,30,29,26,7,31,21,30,8,30,21,22,34,28,33,23,5,14,16,30,13
14,34,15,5,8,19,25,26,24,34,10,34,10,28,26,13,21,11,6,31,21,5,32,33,12,34,26,29,28,19,18
15,32,26,7,29,32,20,27,27,25,11,24,10,18,13,15,12,31,21,21,13,27,10,19,6,19,34,19,17,24,32
16,22,9,30,26,21,5,34,11,17,26,15,17,10,32,19,28,25,32,10,10,17,16,13,6,23,26,9,6,34,11
17,6,25,17,22,16,33,27,17,14,8,29,29,15,22,24,10,26,8,14,20,10,8,22,11,27,20,7,32,13,27
18,29,12,23,12,20,19,25,19,29,27,33,31,29,25,32,27,18,15,22,22,34,13,22,30,7,24,33,29,32,22
19,7,10,8,27,31,14,26,29,15,23,28,33,7,18,5,11,14,12,29,14,17,5,13,29,22,7,22,12,28,10
20,12,10,33,10,34,14,30,31,19,19,26,19,23,20,22,22,7,16,5,10,32,5,24,7,17,19,11,31,23,9
21,17,13,26,11,28,30,14,7,28,14,33,10,28,21,8,34,10,31,18,24,23,17,19,8,16,29,18,6,8,19
22,8,5,21,14,24,5,8,32,7,24,26,16,21,8,24,25,22,31,14,15,18,21,5,24,29,7,24,10,11,22
23,14,14,19,8,14,14,19,31,27,19,12,31,16,13,18,14,32,14,30,30,34,17,14,29,19,17,10,29,18,30
24,11,23,17,16,15,16,20,10,31,14,6,14,9,33,6,32,31,20,15,27,15,17,17,15,19,23,20,11,10,10
25,5,11,22,19,12,27,29,34,20,14,24,18,17,31,34,21,5,21,24,34,10,27,12,20,20,5,20,13,7,29
26,25,26,28,8,10,20,33,33,29,18,13,30,34,24,17,29,8,31,25,29,24,20,16,31,33,29,5,20,17,14
27,34,27,22,16,30,7,22,18,11,5,20,33,12,17,17,22,28,20,25,27,24,28,29,27,30,14,31,14,6,11
28,24,27,29,10,20,31,14,25,7,30,16,8,17,10,34,24,19,5,34,20,9,34,22,13,31,12,17,12,27,17
29,25,22,17,31,27,10,23,26,10,19,10,23,10,34,32,21,12,27,27,17,23,20,13,31,13,34,31,28,17,26
30,24,30,33,5,11,6,10,27,5,5,18,6,26,19,30,12,5,5,26,19,5,31,31,12,32,18,28,5,16,10
31,27,21,21,23,8,27,14,21,24,26,34,34,32,24,19,6,20,29,16,33,12,24,19,22,28,16,20,28,15,32
32,22,7,28,21,25,14,9,8,27,33,14,23,20,13,23,21,20,28,6,30,32,6,6,26,12,9,26,5,11,22
33,31,28,24,19,18,30,16,21,33,29,13,15,16,21,10,5,16,26,22,22,14,6,21,15,8,14,24,22,26,20
34,23,18,30,30,19,15,12,10,23,21,33,28,29,7,17,25,9,24,11,15,29,19,12,11,9,18,16,31,7,23
35,20,18,29,18,33,27,17,33,7,15,24,28,24,9,31,10,13,5,31,23,20,18,12,32,8,28,9,22,28,17
36,9,21,21,16,21,32,23,10,30,16,26,21,30,12,9,31,25,12,14,5,14,30,17,27,11,33,10,22,17,27
37,7,34,24,30,9,17,17,6,5,23,14,16,28,11,32,23,22,11,14,15,21,6,17,34,21,6,32,18,17,14
38,25,9,29,20,15,26,26,24,10,31,24,12,6,20,30,7,9,24,20,30,29,33,18,7,19,13,17,33,31,15
39,16,8,12,31,18,11,31,27,6,9,8,7,32,13,30,13,27,31,5,23,27,25,12,9,11,23,13,30,31,25
40,20,30,6,17,12,6,31,18,21,26,29,10,31,7,29,22,31,30,12,34,23,10,17,11,15,29,26,22,23,15
41,27,23,10,10,22,6,32,29,12,24,24,30,10,23,15,6,24,15,17,21,23,29,33,10,21,19,25,18,34,24
42,33,6,9,9,24,11,5,27,26,13,13,13,11,33,12,5,13,34,27,21,24,16,29,31,26,9,25,27,29,9
43,8,33,29,32,8,33,18,16,19,10,30,7,9,12,9,9,23,22,27,12,11,6,24,23,6,27,33,28,28,14
44,25,27,13,6,25,34,29,25,8,11,33,5,24,27,12,18,24,24,29,15,24,15,5,17,26,32,29,23,8,24
45,27,26,11,10,10,15,30,27,29,33,28,30,16,28,23,17,31,10,34,6,27,32,21,10,7,21,11,7,30,9
46,15,16,18,16,13,34,32,7,24,13,6,9,8,12,14,7,28,19,27,12,5,25,21,5,22,24,17,17,34,15
47,23,32,16,21,22,15,12,25,11,18,12,17,24,9,18,20,28,12,20,25,24,25,34,15,14,27,19,20,25,10
48,22,31,19,22,32,23,28,34,20,6,30,33,31,32,27,9,17,34,26,30,20,17,25,27,5,28,13,7,33,17
49,16,9,26,13,31,21,33,8,13,15,34,24,26,23,24,7,18,6,7,18,26,32,23,26,29,23,29,11,14,33
50,28,11,6,11,7,9,32,9,32,11,6,23,27,8,29,24,9,19,7,23,23,30,19,17,10,17,32,19,19,12
51,20,31,10,15,19,34,33,14,16,29,7,8,11,25,26,8,18,15,25,5,22,18,33,30,19,6,11,28,9,9
52,27,21,27,12,30,8,18,10,7,28,8,18,17,5,31,32,19,11,27,19,13,9,10,26,7,7,21,14,31,10
53,31,27,11,11,27,29,13,30,31,28,11,14,10,22,9,25,16,13,18,30,24,18,32,33,27,10,31,16,10,10
54,11,28,17,20,13,32,6,23,15,34,24,10,27,7,10,12,33,28,13,20,18,30,33,18,18,15,17,33,29,11
55,29,25,8,12,25,32,10,34,9,33,32,31,28,19,23,27,17,28,18,34,16,16,10,26,10,30,9,5,22,20
56,17,7,5,10,6,5,31,11,26,28,31,25,31,32,25,5,16,5,6,28,23,19,29,9,27,34,18,24,23,7
57,31,10,16,28,21,19,17,11,17,9,5,12,18,14,16,8,33,26,33,19,16,9,8,26,13,27,33,9,33,12
58,13,8,15,27,15,15,18,16,26,17,17,23,5,15,20,27,19,9,18,26,14,27,6,28,33,11,22,21,25,23
59,10,11,18,25,30,8,27,29,14,29,25,33,17,12,33,22,21,22,13,30,30,28,25,20,8,18,24,25,18,26
60,15,15,7,8,8,19,21,14,16,21,19,8,26,23,17,21,16,8,24,17,12,28,11,28,19,14,28,28,5,12
61,24,14,20,8,15,16,25,18,31,11,16,24,18,18,24,19,30,32,18,24,29,25,18,32,16,8,12,9,34,26
62,22,31,19,26,24,21,6,14,31,16,20,26,17,27,30,33,31,12,17,32,26,20,20,17,18,23,11,12,15,15
63,5,8,33,14,15,34,5,19,24,28,7,6,20,26,24,28,5,29,7,18,21,13,23,22,23,34,19,23,14,31
64,26,16,12,23,20,14,12,17,5,32,32,26,17,15,8,5,21,17,11,31,9,23,14,18,22,25,13,6,31,16
65,12,33,27,14,32,21,12,13,19,23,23,20,28,24,7,9,13,16,5,32,12,27,28,19,5,11,9,19,20,6
66,30,8,29,20,13,27,26,10,8,19,34,19,7,22,17,32,32,6,6,34,13,10,8,31,11,30,7,5,14,11
67,6,11,14,31,32,22,21,5,28,22,24,27,26,6,14,28,19,27,25,29,26,19,14,14,15,13,31,28,24,22
68,16,32,26,32,30,34,26,25,9,30,11,30,19,9,8,12,16,16,19,11,24,28,33,15,5,33,19,22,9,13
69,18,34,32,27,5,6,17,25,34,5,7,26,27,5,7,30,27,8,19,16,23,28,27,12,21,18,16,12,28,19
70,19,32,7,23,24,19,12,10,29,13,19,23,7,18,33,29,9,24,26,14,11,18,29,34,7,34,16,34,20,6
71,5,14,18,16,16,25,33,34,7,19,28,31,11,34,14,26,10,33,23,14,32,10,31,10,29,12,17,33,28,32
72,31,26,32,8,11,25,11,23,17,23,7,28,13,6,33,33,19,31,12,21,17,8,5,5,34,23,31,29,14,13
73,27,21,21,24,17,22,10,5,5,28,14,22,13,13,5,18,26,5,10,25,6,25,11,12,20,26,18,27,21,20
74,27,23,20,19,6,34,5,19,5,19,25,16,19,13,16,29,9,8,25,30,14,29,32,19,24,26,19,21,18,14
75,25,17,25,34,26,9,8,9,28,13,17,30,21,24,7,15,21,26,34,14,28,28,11,5,30,18,9,5,12,31
76,25,10,29,5,11,32,14,28,28,12,8,33,24,34,15,25,13,19,10,5,26,22,18,27,33,26,23,22,30,24
77,26,34,16,13,8,19,7,28,34,15,21,27,28,22,14,5,16,31,16,33,30,5,30,17,15,31,28,25,20,9
78,29,15,28,17,27,31,34,22,7,32,18,24,29,23,27,9,21,34,26,14,26,21,17,29,23,6,18,15,19,13
79,27,7,32,33,32,25,19,32,27,19,26,28,30,29,24,16,9,33,8,9,18,31,7,19,28,18,31,22,9,18
80,10,17,34,7,20,11,31,29,23,15,7,8,8,10,19,18,9,13,13,16,34,17,21,27,33,34,27,26,33,11
81,29,7,15,25,23,6,6,10,18,11,12,33,18,8,21,18,30,22,31,12,25,19,31,28,31,21,20,31,11,9
82,23,13,34,15,28,9,22,27,12,13,10,21,34,33,21,24,9,23,18,26,29,14,10,13,28,11,11,28,17,20
83,30,7,23,25,32,12,18,8,31,27,26,24,12,12,22,31,6,8,25,31,27,16,25,15,32,22,7,28,9,34
84,22,8,24,26,33,21,12,18,22,27,22,32,16,28,31,32,21,20,19,26,34,27,7,25,30,21,16,12,23,28
85,13,13,11,26,12,33,7,14,21,17,28,12,10,24,9,30,23,9,34,26,16,32,32,28,21,8,13,31,34,22
86,30,6,34,7,27,20,27,19,21,16,11,14,28,20,5,23,28,7,33,26,22,7,24,13,29,23,34,16,18,15
87,11,25,6,33,10,17,31,20,18,26,25,26,6,22,33,5,12,31,6,7,19,33,13,10,20,16,28,28,23,34
88,27,12,33,30,24,13,17,19,18,5,9,10,32,34,7,13,20,22,21,16,12,12,22,6,11,18,30,26,13,26
89,29,6,6,17,29,14,13,31,23,33,21,20,6,21,23,25,8,14,11,8,23,6,17,18,16,12,19,9,24,17
90,33,29,22,13,28,21,16,31,33,10,20,7,12,6,17,32,22,20,11,18,34,33,22,7,29,9,8,34,24,29
91,30,7,9,28,18,19,29,29,14,25,25,9,13,6,33,8,30,7,31,18,8,27,19,34,10,29,34,24,23,5
92,30,33,14,22,22,30,14,10,29,18,18,33,32,32,27,8,32,16,9,20,24,11,19,27,14,25,32,13,13,10
93,30,12,17,14,14,25,25,11,33,25,22,6,9,32,17,21,20,26,15,12,23,14,24,24,13,27,12,9,27,22
94,27,31,16,10,7,31,24,31,21,12,9,15,28,30,30,14,28,12,24,24,29,23,5,29,24,31,12,20,9,8
95,5,30,25,20,16,6,31,21,34,32,29,15,13,20,18,32,14,12,9,31,34,24,29,29,33,31,29,23,24,5
96,12,14,33,25,27,9,6,28,10,25,21,17,14,32,23,13,24,21,16,19,34,18,31,17,16,25,8,11,24,13
97,32,11,13,19,32,25,19,17,22,20,15,22,16,20,11,31,10,18,24,28,20,24,9,9,27,22,8,6,13,21
98,11,18,27,18,12,6,28,25,29,9,9,24,25,13,31,20,14,26,9,33,27,30,21,32,30,29,17,24,20,10
99,25,25,34,7,15,18,22,25,31,9,8,14,34,23,19,27,9,14,20,10,34,13,34,33,8,13,23,33,16,19
100,31,12,31,32,32,10,19,33,24,25,23,17,26,32,13,17,29,26,13,20,11,32,5,15,12,31,14,7,34,30
101,31,6,29,10,25,23,18,32,17,26,11,8,11,26,14,34,34,28,20,15,34,6,24,23,28,21,9,18,34,24
102,15,27,6,27,24,18,18,14,28,27,15,31,27,21,24,11,34,34,16,34,33,17,6,17,34,19,6,18,15,28
103,14,19,13,19,17,14,24,23,7,17,22,17,5,29,21,29,21,16,25,9,10,20,14,22,18,28,16,10,32,23
104,9,29,19,5,28,12,17,11,33,22,32,27,19,25,17,6,11,18,16,9,6,9,12,15,21,14,15,16,20,27
105,16,18,22,27,25,32,11,11,8,19,8,6,24,26,14,25,20,7,12,22,13,18,6,23,13,9,14,20,27,27
106,16,26,9,7,20,33,30,33,17,17,5,24,26,15,13,23,5,28,12,16,27,7,8,23,18,19,29,27,25,25
107,33,28,12,8,17,21,28,19,21,12,21,21,14,16,26,30,20,33,19,6,30,21,31,12,13,28,21,7,7,14
108,34,31,24,34,25,13,22,28,32,24,15,11,10,13,13,26,29,33,5,32,17,16,16,33,30,32,33,16,21,21
109,12,28,6,21,34,27,32,10,22,20,5,31,9,17,34,8,33,26,32,7,25,26,15,23,12,30,9,15,28,12
110,6,22,15,25,17,18,16,31,34,17,21,32,19,22,7,23,25,12,21,31,26,25,17,26,16,27,9,14,27,10
111,5,34,17,23,6,18,19,19,33,12,29,8,8,31,21,16,26,31,15,7,31,10,27,12,24,21,16,25,18,7
112,26,27,6,16,30,32,27,26,27,29,22,11,17,20,19,15,13,5,5,19,11,5,24,25,6,27,8,15,28,12
113,10,13,25,24,33,21,25,21,8,20,7,9,22,34,12,17,33,27,6,8,20,17,7,12,24,26,15,33,13,6
114,20,14,21,28,27,6,28,24,15,31,7,21,14,26,12,9,11,33,12,20,14,16,19,31,20,17,26,22,20,8
115,7,13,31,9,34,13,25,14,31,17,28,15,21,15,20,27,34,32,28,26,34,5,16,16,19,17,6,8,28,20
116,6,16,26,7,33,21,6,8,11,7,27,15,15,23,28,32,27,15,13,24,11,24,26,21,32,30,18,18,5,10
117,31,12,16,23,26,29,17,26,9,16,31,16,27,17,20,27,18,28,34,21,26,5,27,5,9,13,29,21,11,20
118,31,25,23,5,22,6,14,7,32,27,26,26,30,19,24,21,18,34,13,11,9,26,16,5,8,16,21,24,18,30
119,11,28,19,30,13,30,7,24,25,5,6,22,22,26,34,29,32,10,22,15,34,15,10,29,26,17,30,24,16,27
120,14,28,33,15,13,8,15,24,26,8,17,33,9,20,14,30,31,19,18,22,17,27,16,5,5,25,16,7,28,18
121,16,29,17,29,10,32,32,12,27,14,31,22,18,8,25,17,8,9,8,13,33,14,32,18,13,20,12,19,11,26
122,9,12,6,15,16,8,17,9,18,31,18,26,11,30,33,29,33,31,21,17,32,7,17,5,31,17,13,24,14,20
123,22,16,27,22,12,32,6,28,24,8,34,13,13,18,18,18,27,21,33,16,19,22,14,27,14,26,27,8,5,33
124,29,12,12,8,22,32,13,19,10,10,26,28,10,27,27,24,31,5,6,25,33,28,11,21,9,21,18,23,24,27
125,19,19,8,11,14,9,18,17,11,33,5,34,31,10,13,26,24,13,12,29,13,6,33,16,8,21,25,19,12,18
126,15,13,13,11,24,16,34,11,20,12,33,11,24,31,13,18,24,29,17,34,34,21,24,15,23,15,30,29,17,13
127,17,18,29,18,21,18,22,19,31,29,31,31,7,9,26,30,8,21,19,19,20,31,28,15,12,19,34,12,21,29
128,18,5,31,26,30,28,22,26,17,23,16,22,22,28,12,6,34,8,9,8,8,32,19,28,20,22,12,13,24,9
129,33,6,29,19,8,7,21,7,14,28,7,6,26,18,7,18,16,7,24,21,23,13,22,9,15,22,26,32,17,28
130,12,12,14,30,19,28,16,32,7,11,11,30,31,24,27,14,9,6,5,28,27,20,31,15,32,32,19,28,10,32
131,18,27,26,30,23,8,22,20,32,32,7,18,32,18,11,19,24,6,27,12,14,22,11,32,18,17,27,34,18,20
132,26,14,8,23,13,16,21,32,22,30,21,31,21,27,16,18,17,29,25,13,16,13,5,8,33,28,21,5,34,13
133,33,21,24,34,7,6,25,18,34,25,10,28,14,30,20,6,7,33,15,19,29,33,13,27,26,5,33,24,22,33
134,31,29,29,22,31,21,18,9,13,29,11,15,18,27,23,21,9,14,18,5,23,19,18,34,29,13,26,21,25,22
135,6,20,23,26,12,13,18,30,18,33,33,5,19,15,8,6,21,25,11,5,30,6,23,27,33,29,17,33,29,17
136,11,21,16,15,30,8,32,32,13,15,9,25,27,28,7,16,7,6,28,10,7,5,14,10,6,31,10,23,16,17
137,23,28,17,23,21,34,13,28,6,7,16,19,33,28,12,13,7,19,26,30,23,33,6,34,26,31,23,10,21,10
138,19,16,21,11,8,19,22,8,13,27,11,7,17,22,33,34,8,11,31,7,12,14,31,26,34,8,34,9,24,21
139,21,12,6,17,19,14,25,17,11,17,21,20,21,13,8,17,5,33,14,10,12,20,12,34,8,11,11,34,26,5
140,32,28,19,14,33,31,25,18,10,33,12,20,13,22,20,12,16,29,15,9,5,6,21,13,6,33,8,13,20,26
141,11,29,9,20,16,8,12,22,5,24,19,33,26,9,11,6,28,9,26,11,16,19,29,18,34,33,16,24,13,5
142,33,24,31,24,27,28,10,34,9,16,19,5,29,7,20,15,30,28,24,13,8,6,33,26,24,14,7,17,17,19
143,15,32,24,25,34,14,16,31,5,22,12,24,14,6,9,14,6,11,7,24,12,15,22,6,12,15,30,12,24,11
144,10,12,22,12,12,20,20,30,8,24,31,25,22,5,14,33,16,21,6,8,15,18,24,6,26,13,7,8,22,32
145,32,6,6,14,18,34,13,7,15,26,30,22,34,10,9,8,30,28,32,9,9,34,19,25,33,10,9,12,6,6
146,16,11,6,27,14,10,26,29,28,28,6,31,5,24,12,16,29,33,9,22,33,11,27,31,29,18,18,25,7,11
147,19,11,30,15,7,26,33,5,21,8,11,5,23,18,25,32,14,21,32,6,15,5,30,21,29,13,12,12,5,23
148,25,26,14,10,26,23,5,15,34,32,24,27,9,15,18,11,27,20,26,28,7,34,25,11,18,24,18,16,19,34
149,7,20,30,16,28,21,9,28,16,25,8,15,27,5,27,7,6,7,11,6,29,20,10,33,17,23,31,30,12,34
150,31,15,13,17,18,6,24,24,17,10,6,14,34,28,9,15,21,7,11,29,7,8,25,5,5,30,5,28,5,29
151,10,17,25,34,7,15,26,30,7,11,8,13,8,15,21,12,24,22,28,28,28,28,21,18,14,24,19,15,32,5
152,34,34,17,21,17,6,32,27,23,33,24,8,8,31,12,30,20,23,11,29,26,11,11,33,29,31,12,29,18,19
153,34,34,10,30,16,22,12,19,20,29,21,15,20,6,14,5,7,20,34,29,11,8,12,23,28,11,9,17,32,6
154,5,26,15,31,9,21,16,24,12,23,6,23,7,10,34,29,12,31,6,24,18,22,9,8,30,8,8,32,17,18
155,24,24,15,13,32,18,17,7,24,15,14,30,18,24,13,29,24,12,26,32,14,6,11,29,29,28,7,23,28,30
156,32,17,26,17,13,6,10,32,15,13,24,15,17,29,29,12,24,32,33,17,6,6,34,34,14,22,18,34,16,22
157,6,11,10,20,27,29,15,33,19,21,13,25,9,16,20,30,30,32,27,23,24,18,31,30,30,34,21,31,26,20
158,16,26,31,34,8,34,34,19,33,11,8,31,23,14,19,29,26,7,22,32,8,19,32,28,27,8,32,26,23,17
159,17,30,34,27,21,8,20,5,13,27,24,21,6,14,34,17,15,25,29,8,15,22,12,21,15,32,21,7,21,31
160,24,9,25,11,14,20,17,24,9,6,11,24,7,29,14,12,8,24,25,14,32,24,11,18,10,17,11,9,31,32
161,20,32,21,32,7,23,23,34,20,6,24,19,13,14,25,19,7,21,28,29,25,10,22,32,5,29,31,29,18,23
162,6,14,13,6,17,26,28,15,18,19,15,21,18,24,21,18,31,14,28,9,30,19,20,13,17,8,30,25,27,32
163,23,15,33,21,10,28,23,34,14,10,17,13,22,23,23,9,28,17,27,8,25,11,12,18,11,28,15,23,22,32
164,21,28,9,19,21,14,9,6,25,33,20,22,28,5,5,27,19,17,20,15,13,27,13,8,11,18,20,21,18,22
165,31,26,34,28,27,32,15,7,8,11,20,17,28,33,29,20,10,11,21,7,28,27,32,11,22,25,19,32,32,25
166,6,20,30,13,14,33,16,32,8,23,21,34,6,32,34,8,26,5,18,8,22,6,19,23,14,22,26,34,8,29
167,21,8,34,30,25,25,21,31,28,34,17,11,5,24,7,11,26,11,5,7,9,20,16,17,25,19,11,19,33,23
168,27,23,10,23,6,14,34,12,29,26,11,19,9,27,26,10,10,34,6,8,34,30,18,27,16,21,14,14,27,17
169,23,5,30,30,16,32,9,8,21,10,32,31,28,7,17,29,20,14,10,13,30,15,23,12,34,10,29,20,30,8
170,9,14,13,12,9,24,32,16,29,11,12,5,33,30,17,32,9,27,18,15,12,11,21,7,31,11,10,31,20,6
171,28,13,25,28,6,15,15,21,20,5,17,22,5,12,21,9,20,17,29,6,33,20,21,21,13,30,26,5,30,12
172,13,12,11,34,23,16,27,15,11,25,29,27,9,8,8,16,34,23,9,29,16,6,15,22,14,11,17,10,11,26
173,15,7,5,22,32,12,26,20,14,23,14,12,25,12,28,12,14,30,34,19,20,24,24,12,26,5,5,6,28,21
174,17,23,6,27,11,5,31,24,22,6,8,32,32,31,29,17,22,21,14,31,8,13,26,21,27,6,31,27,8,33
175,13,14,29,11,33,26,30,33,28,30,23,27,23,33,31,20,9,18,26,26,32,13,20,25,21,7,24,9,31,34
176,18,17,12,17,20,16,34,24,26,29,16,15,23,21,21,22,33,18,30,24,13,5,30,17,29,22,34,8,13,13
177,25,16,23,31,18,18,26,32,29,32,29,8,26,32,24,18,21,13,26,34,19,27,29,28,31,27,23,18,29,28
178,8,9,23,9,28,32,25,7,7,9,28,29,20,29,23,30,19,19,28,6,9,26,18,5,21,7,9,23,34,7
179,34,12,23,14,30,17,6,29,27,16,9,32,19,15,11,34,6,10,28,31,5,31,9,7,32,13,24,6,26,23
180,12,21,16,13,9,20,12,14,18,13,21,12,10,20,11,29,6,19,30,17,24,32,10,7,11,25,25,32,5,25
181,27,22,29,19,28,24,33,12,34,16,17,24,32,19,8,15,32,30,8,15,14,33,28,17,5,25,5,13,19,19
182,27,9,11,27,24,12,25,24,7,32,34,32,25,20,22,9,17,15,34,33,11,21,25,24,32,10,7,5,24,28
183,25,21,30,11,7,31,26,31,11,25,10,27,12,27,7,14,12,27,21,34,33,28,28,8,30,25,27,32,13,5
184,34,12,8,28,34,8,5,11,6,14,19,19,8,11,16,9,20,34,7,29,10,17,20,10,25,13,32,31,23,22
185,17,11,17,28,17,20,26,19,30,28,15,27,22,15,8,22,31,14,20,12,18,21,9,13,11,28,32,9,14,23
186,26,7,20,32,6,23,26,16,22,29,17,16,10,8,10,25,22,6,8,17,9,32,9,5,21,22,15,30,33,24
187,12,15,12,34,11,34,19,28,21,21,19,27,13,21,32,34,18,23,31,30,11,28,33,29,25,32,19,19,8,10
188,27,11,5,10,25,31,33,25,22,22,14,21,18,12,29,13,29,29,8,15,5,33,21,20,11,5,10,11,31,7
189,9,13,24,11,10,28,11,11,8,28,26,14,10,8,10,31,32,5,28,6,26,8,10,5,34,32,10,5,11,27
190,9,20,21,33,26,14,14,29,12,18,7,11,7,25,23,18,31,6,30,11,34,28,29,13,9,18,13,13,15,23
191,8,11,8,10,25,34,29,31,23,19,22,27,10,17,30,31,31,26,7,23,22,6,33,15,33,33,23,10,5,19
192,7,14,31,31,5,14,20,33,33,5,34,22,34,19,34,13,23,34,14,25,11,21,5,14,33,11,7,32,9,19
193,8,33,32,23,21,24,6,23,16,15,24,28,10,8,8,12,20,26,29,11,9,11,21,8,20,13,15,30,14,29
194,7,33,10,24,29,32,21,29,6,6,30,14,10,23,22,12,30,27,34,9,19,6,19,23,24,31,31,10,23,28
195,9,5,34,28,14,28,9,18,16,30,17,33,28,34,13,19,23,10,30,17,32,23,25,17,9,28,28,27,13,6
196,6,10,18,12,27,30,26,10,21,34,28,11,30,24,19,5,25,15,6,5,22,13,19,11,10,20,7,28,12,30
197,5,9,22,25,25,8,12,16,22,17,23,6,21,7,15,24,16,7,21,14,23,24,25,11,20,9,24,28,22,25
198,14,20,34,32,24,13,34,33,20,13,16,5,15,32,18,30,10,34,25,9,15,26,14,11,24,10,26,7,21,28
199,20,33,19,32,17,26,10,11,13,13,11,20,13,14,17,22,28,25,10,31,9,15,14,9,30,15,23,33,17,11
200,6,34,34,5,34,24,30,30,17,15,26,16,24,19,17,13,17,7,11,15,7,23,5,20,25,20,22,24,19,8
201,7,32,14,10,13,17,34,12,14,25,8,28,6,8,32,33,34,15,13,5,23,27,27,17,26,11,31,27,15,31
202,29,26,23,9,19,10,9,11,29,26,11,33,22,10,18,18,32,19,16,33,22,28,24,23,17,14,32,18,7,30
203,31,12,20,17,26,18,11,30,8,22,9,10,33,7,34,13,9,26,20,21,24,30,30,22,10,25,27,16,9,28
204,34,20,33,12,10,28,15,7,29,14,20,20,20,26,10,15,6,24,24,21,18,21,9,6,20,11,15,13,21,9
205,22,11,33,19,30,8,7,34,32,16,10,5,5,11,32,29,24,19,6,27,34,32,15,33,8,22,16,18,7,9
206,19,27,24,11,14,30,20,30,29,24,34,12,24,14,33,17,24,33,14,34,30,21,12,6,19,29,27,25,24,9
207,31,29,31,22,13,5,20,13,33,7,19,10,14,8,12,9,11,11,31,12,13,19,12,13,31,23,6,23,11,34
208,13,24,19,12,15,13,24,29,10,8,20,13,21,11,9,6,33,22,25,19,21,12,10,14,15,32,6,8,31,13
209,20,30,8,31,32,16,15,31,28,17,8,10,28,15,13,27,26,19,11,32,19,21,10,13,34,29,5,33,23,30
210,14,12,27,14,14,6,9,29,31,12,23,21,21,6,6,21,9,32,28,8,33,24,31,14,13,7,32,17,26,8
211,19,9,20,19,24,29,16,5,22,22,6,7,10,12,30,11,34,12,24,5,19,21,28,7,13,32,5,22,28,21
212,17,22,17,6,34,32,14,16,11,16,11,33,14,19,26,7,27,15,27,16,23,9,11,22,8,20,7,10,16,26
213,23,17,28,29,31,23,24,29,27,24,12,7,10,25,14,8,12,8,6,27,15,22,29,21,11,18,15,18,25,26
214,33,21,29,17,10,20,29,13,24,28,14,19,16,12,32,9,7,13,13,9,13,8,31,33,24,20,13,24,24,17
215,13,8,22,18,12,14,26,19,10,17,34,21,33,17,27,13,7,27,11,23,12,19,14,17,32,11,18,11,28,30
216,11,10,33,6,11,23,25,26,5,18,5,17,11,31,10,15,11,14,25,32,6,20,16,17,26,16,20,21,34,26
217,8,12,33,26,34,6,20,5,24,11,12,16,13,12,34,33,9,25,13,13,20,14,10,30,22,8,13,26,11,23
218,12,8,10,33,30,30,27,6,22,22,32,18,25,27,15,26,13,19,24,19,5,19,12,22,20,21,34,23,15,18
219,18,28,18,8,13,30,21,26,26,24,11,29,13,24,20,14,18,17,22,31,23,13,14,29,16,18,19,21,25,12
220,31,7,22,28,15,21,7,22,32,21,24,15,11,29,24,25,32,22,21,13,11,11,26,13,12,32,34,10,10,31
221,20,20,11,34,12,33,33,17,6,11,11,25,8,11,12,16,20,10,12,30,15,7,8,24,22,17,19,23,8,31
222,13,6,15,31,10,12,19,11,8,27,12,14,6,18,12,18,16,13,30,13,5,10,11,21,20,13,10,32,29,14
223,21,12,21,28,6,8,17,34,14,34,7,25,18,6,33,25,8,6,9,14,17,31,10,9,18,26,26,34,6,7
224,33,34,26,7,15,33,31,18,11,32,32,15,14,21,6,6,8,31,5,21,16,17,20,31,14,17,29,22,16,29
225,16,21,12,25,8,14,8,32,27,17,27,32,10,29,9,21,28,21,11,12,21,8,12,32,20,28,10,25,27,23
226,11,34,7,11,8,23,23,31,23,33,23,27,8,22,22,21,7,32,28,5,9,31,6,25,20,16,19,14,22,30
227,23,8,29,33,16,6,28,18,29,24,34,32,30,17,25,10,18,24,23,21,31,11,5,7,10,11,25,25,29,25
228,28,29,24,5,7,22,14,29,8,34,30,29,13,17,6,27,27,26,15,16,21,21,19,6,20,14,15,33,19,32
229,28,15,15,20,12,18,24,11,6,24,20,33,9,9,10,27,18,34,31,34,21,5,22,17,20,21,11,16,21,14
230,21,23,23,18,29,13,6,29,9,28,27,12,28,34,33,23,22,20,24,27,14,32,28,33,10,17,11,6,9,20
231,16,16,26,7,27,21,5,26,24,20,30,15,9,24,32,7,6,19,19,32,7,9,25,11,31,5,5,15,28,29
232,26,11,16,10,17,25,25,8,11,22,24,20,12,21,26,25,30,12,31,14,16,14,26,34,34,10,18,6,15,15
233,27,16,9,21,26,6,15,18,11,13,13,24,14,24,14,31,22,32,27,32,28,13,15,11,16,10,17,11,34,13
234,12,29,5,20,27,15,6,13,23,18,11,10,30,12,25,11,6,26,26,30,5,11,33,24,17,9,23,5,31,33
235,23,32,16,24,20,23,6,28,19,16,12,10,24,33,31,24,8,27,12,26,34,33,20,25,19,9,28,32,21,20
236,32,6,19,27,9,28,24,31,24,8,16,34,34,18,29,21,8,16,16,20,10,14,8,25,34,23,5,31,29,23
237,33,25,25,10,10,17,17,5,30,5,11,27,20,19,17,8,18,13,27,6,10,22,20,31,5,10,18,23,5,26
238,32,13,16,14,16,9,19,31,18,22,7,24,16,32,13,19,19,17,13,8,11,10,13,19,19,23,10,9,9,31
239,33,33,13,11,21,6,7,23,11,20,30,28,10,33,30,6,9,12,13,26,5,6,24,7,24,8,24,5,33,10
240,5,19,28,33,7,24,22,23,14,19,10,6,23,17,27,6,15,24,23,27,16,14,16,31,26,19,24,30,6,20
241,14,6,25,33,5,23,15,11,8,23,15,33,33,24,18,18,20,12,19,18,21,13,30,8,15,16,17,10,31,5
242,6,19,8,16,7,25,5,33,27,17,9,18,32,20,8,23,21,19,25,8,27,34,21,14,23,21,29,20,30,18
243,16,5,22,14,17,12,12,5,10,8,14,11,25,18,24,10,34,8,22,32,22,13,25,5,8,12,10,5,9,5
244,7,17,5,13,25,30,8,27,7,7,24,34,18,32,7,34,34,29,18,26,13,30,34,32,16,9,13,27,24,17
245,19,31,16,22,27,15,33,9,29,11,13,8,27,5,18,7,21,21,34,7,6,19,5,28,25,8,11,7,20,32
246,7,30,32,23,27,13,16,13,21,31,9,17,31,15,7,11,14,31,29,6,10,30,12,9,34,31,18,19,21,17
247,27,28,27,11,23,28,16,34,29,18,16,32,30,21,16,14,24,33,5,13,16,24,18,18,33,30,29,21,14,5
248,29,29,13,29,30,10,9,23,32,26,29,7,24,29,28,30,12,10,16,18,17,5,25,28,22,23,6,23,33,34
249,5,28,19,20,22,24,20,28,30,31,25,20,31,29,26,18,26,6,5,7,23,33,16,10,8,33,26,25,5,24
250,10,30,16,17,5,14,30,7,23,13,9,23,33,26,28,32,22,8,13,29,18,8,6,32,13,15,19,6,26,24
251,8,34,13,31,16,7,8,12,30,14,31,33,10,19,16,28,17,30,16,7,22,27,21,7,26,25,18,13,26,11
252,8,13,9,28,15,11,20,11,23,34,16,32,11,26,14,32,27,10,9,18,6,26,30,15,20,26,7,9,9,32
253,21,32,20,12,24,33,19,15,8,8,30,27,13,32,8,21,13,5,25,14,17,19,28,11,26,30,14,17,23,19
254,9,31,22,14,24,11,19,24,5,11,31,11,23,24,26,23,13,16,17,17,16,16,13,20,30,27,14,21,12,5
255,33,15,11,25,16,30,25,14,7,26,28,29,7,6,16,15,28,24,7,9,26,33,20,13,6,18,12,7,32,28
256,22,12,21,15,9,29,7,30,10,15,14,33,10,10,12,5,7,20,15,22,18,34,23,18,14,23,19,6,6,26
257,33,8,31,23,34,9,6,32,8,22,19,34,13,25,22,29,8,25,8,34,8,10,16,18,20,19,6,20,30,15
258,20,33,21,25,30,13,10,23,34,8,24,14,20,5,24,12,17,7,20,23,21,24,31,27,17,9,25,30,33,32
259,9,7,11,21,15,28,25,16,23,27,28,26,5,28,24,17,29,19,19,32,5,12,11,32,26,16,25,20,33,17
260,25,11,27,15,6,15,31,21,19,11,12,11,20,32,22,23,29,29,20,5,19,21,9,12,34,30,5,34,22,29
261,16,6,25,12,13,16,24,31,28,11,18,6,12,33,33,7,14,19,25,21,32,31,14,25,34,6,30,12,11,7
262,25,7,5,25,24,30,17,21,11,15,12,15,6,16,11,8,23,32,20,13,23,28,30,8,6,34,20,29,19,14
263,31,12,24,23,16,27,8,32,13,31,16,5,29,11,10,32,33,14,18,26,15,26,6,8,32,15,10,20,34,9
264,22,25,25,26,25,33,17,12,25,8,7,25,33,12,30,5,17,31,28,26,5,21,9,18,7,6,31,18,30,15
265,11,19,20,11,29,7,33,6,28,28,16,5,24,26,25,28,34,23,11,10,13,9,33,21,34,19,8,23,25,17
266,34,24,9,26,20,28,7,15,25,30,29,6,27,18,6,22,18,19,8,9,27,20,20,24,25,29,12,13,10,14
267,18,16,33,21,19,7,14,6,13,14,8,6,22,32,16,8,8,32,6,32,24,28,21,19,13,6,5,10,9,29
268,7,9,6,12,12,23,6,11,26,34,34,29,13,20,19,27,15,30,23,6,21,16,15,22,32,30,24,18,12,5
269,10,23,29,20,13,30,23,32,8,25,12,25,10,13,30,8,19,10,25,29,29,32,17,11,24,7,30,34,25,9
270,33,25,14,17,16,32,27,17,6,14,20,32,9,32,16,9,23,28,10,28,6,20,8,28,30,13,12,11,31,17
271,33,32,28,31,12,10,16,20,31,28,8,5,19,31,21,15,17,15,33,34,28,12,13,24,26,27,15,21,11,9
272,14,27,16,7,14,29,13,27,16,21,9,31,28,34,11,21,11,11,22,18,6,21,30,8,33,29,34,34,11,12
273,24,29,19,31,30,24,34,15,26,16,7,15,23,34,8,31,26,20,18,16,29,6,22,6,6,19,30,21,5,30
274,13,16,13,21,19,18,9,33,34,5,28,18,6,29,34,19,20,33,33,29,30,14,26,33,26,18,27,13,24,27
275,6,28,31,6,17,20,20,29,25,26,18,29,17,7,14,23,26,13,27,15,32,10,29,32,25,19,9,28,21,28
276,25,20,20,17,18,23,32,8,6,20,16,29,20,13,13,22,25,8,23,25,15,11,13,24,19,13,12,15,32,33
277,21,33,9,30,20,12,10,31,24,19,17,21,20,21,25,5,21,25,26,32,6,26,23,16,31,22,25,30,6,25
278,5,28,31,27,25,6,22,18,18,30,11,18,15,8,23,26,10,7,28,24,7,7,27,22,24,5,16,7,34,28
279,33,18,9,17,9,28,17,26,32,32,34,22,19,34,25,33,20,34,14,31,27,14,25,30,6,26,32,7,7,31
280,34,19,26,8,15,31,31,13,13,10,27,10,28,27,13,18,32,29,18,15,29,32,24,5,16,23,11,12,27,9
281,7,32,25,32,16,22,5,18,12,9,25,11,12,10,22,30,15,33,33,26,14,19,17,14,15,16,28,20,23,18
282,5,19,27,7,22,7,18,20,7,14,31,14,5,27,18,23,7,5,7,9,29,12,28,20,15,12,12,10,21,21
283,26,12,21,5,16,10,5,23,28,33,20,25,11,26,11,32,18,9,34,8,6,28,21,13,34,25,5,23,9,26
284,34,7,7,34,28,18,5,24,12,29,7,21,19,20,13,6,24,17,6,15,23,32,21,11,26,28,16,23,7,9
285,22,13,10,16,28,16,18,10,30,29,13,26,20,22,26,14,24,16,17,30,16,18,24,30,30,24,20,22,7,32
286,11,34,9,10,31,27,14,29,7,19,18,29,10,15,7,30,7,7,15,33,12,20,14,23,28,20,11,14,8,11
287,24,31,26,15,25,9,13,27,5,23,12,17,20,12,22,28,34,9,17,30,21,21,6,25,23,15,6,27,27,15
288,15,12,30,13,26,7,15,18,25,30,28,23,26,9,9,17,33,22,10,30,26,11,17,32,23,30,5,12,28,25
289,32,11,24,21,14,17,25,23,20,8,23,19,10,28,31,8,14,9,12,16,14,22,15,31,34,31,21,30,31,7
290,18,12,13,21,11,26,32,24,6,8,22,7,16,30,18,25,6,21,23,5,29,9,25,27,16,10,34,7,28,26
291,32,11,15,8,18,13,34,24,12,26,24,33,33,14,5,24,16,19,9,19,8,12,14,15,17,22,30,6,9,25
292,31,6,23,19,16,33,30,7,16,23,8,6,9,15,30,29,26,30,12,31,29,19,31,9,5,26,12,11,14,8
293,16,25,16,14,20,26,18,28,25,11,34,20,27,12,7,6,20,32,6,11,16,22,18,31,25,31,34,22,27,9
294,30,9,7,30,27,33,7,22,12,26,6,34,32,8,16,32,6,27,13,23,31,14,24,29,29,31,13,30,6,26
295,17,29,14,30,9,33,10,22,17,5,29,22,15,9,23,15,15,8,9,29,32,13,29,7,21,28,13,5,31,10
296,15,10,34,18,34,24,32,32,29,28,32,13,25,14,26,11,22,25,16,22,15,32,21,5,8,18,11,30,18,7
297,29,11,16,18,14,15,27,29,34,15,26,29,13,28,27,19,9,5,25,24,28,26,25,33,11,8,21,25,10,29
298,9,14,22,30,24,27,32,12,8,34,6,23,8,14,12,7,21,27,5,24,8,5,13,22,10,32,34,5,19,32
299,29,12,16,11,17,33,15,28,6,5,27,18,6,15,15,22,23,5,19,33,33,25,16,16,12,29,16,5,26,9
300,6,12,19,19,16,25,13,15,22,20,31,17,23,11,11,22,5,28,6,20,26,14,22,17,19,32,20,33,28,32
301,13,9,23,24,7,30,27,5,33,14,31,18,19,22,33,10,25,17,34,7,29,28,34,14,20,10,15,20,21,8
302,17,16,16,14,15,15,10,6,30,34,10,20,9,5,23,34,31,23,23,28,11,27,20,22,34,19,33,17,17,29
303,17,20,28,32,17,11,9,22,34,23,19,21,9,23,33,20,8,21,30,30,22,30,7,5,32,26,28,33,19,24
304,16,5,23,17,14,16,29,12,22,26,8,18,13,26,16,13,12,13,21,25,14,16,18,9,19,19,22,19,21,14
305,28,14,11,18,29,13,5,5,23,18,28,10,20,10,14,25,18,32,14,28,9,33,22,19,20,8,29,18,17,8
306,13,20,8,28,21,20,33,5,17,31,5,9,28,15,28,14,20,11,27,10,13,29,11,19,22,12,20,29,10,21
307,9,30,13,26,16,7,10,20,24,17,33,33,22,31,17,18,11,13,29,17,8,32,34,17,16,24,22,12,23,8
308,22,7,25,32,20,28,25,17,11,18,31,13,9,32,6,21,27,21,8,9,8,29,18,32,19,14,17,23,30,16
309,12,15,25,13,5,29,7,10,17,30,31,9,13,33,7,18,15,29,22,29,28,22,10,24,17,23,17,7,12,23
310,19,11,26,10,17,31,8,22,29,10,11,20,10,30,30,22,5,31,24,21,14,5,17,6,32,13,23,25,34,18
311,18,34,19,13,16,19,26,17,26,8,7,9,16,10,27,13,26,23,31,21,16,6,33,13,8,6,9,34,25,29
312,5,14,13,25,11,28,27,32,23,29,10,21,34,34,20,21,10,7,7,32,33,31,30,31,24,24,32,14,31,26
313,7,27,26,27,9,18,27,7,6,26,8,24,20,17,20,12,8,8,17,33,32,29,16,22,27,7,7,34,14,24
314,27,21,34,27,22,32,24,12,11,22,33,27,24,33,16,25,21,24,18,33,30,22,10,8,12,34,25,14,14,22
315,22,16,9,31,32,10,23,26,8,20,17,5,20,33,12,24,30,16,14,10,12,25,9,27,12,12,24,16,31,31
316,31,8,30,13,7,17,30,19,20,19,22,23,22,15,22,29,16,21,10,10,7,10,28,10,13,6,15,27,29,16
317,26,17,13,14,5,33,27,11,23,21,29,6,5,5,33,26,7,10,31,25,7,26,13,10,10,17,14,29,20,9
318,26,34,6,24,7,6,5,15,29,19,17,10,19,9,27,10,7,29,17,34,26,17,6,11,18,13,33,19,11,23
319,31,22,12,32,8,26,25,25,27,25,11,18,9,12,27,9,20,13,29,25,23,28,12,26,15,28,23,22,29,24
320,7,32,21,11,8,30,24,5,26,12,12,33,5,12,5,24,14,20,26,34,21,16,27,14,6,29,6,22,19,26
321,17,28,28,33,14,33,29,14,23,11,9,12,25,12,20,26,21,11,34,5,10,31,6,21,24,19,31,6,21,22
322,5,24,30,8,34,34,22,11,16,31,26,28,12,18,8,9,7,23,12,11,18,10,33,8,16,9,29,28,34,17
323,31,14,23,32,13,10,23,17,29,20,34,21,29,21,23,16,9,27,5,27,5,6,23,5,26,12,30,25,32,10
324,33,8,15,7,25,12,30,19,21,13,31,16,29,26,16,19,20,12,30,29,16,26,17,30,6,16,10,7,12,9
325,30,19,6,21,7,23,19,14,33,21,31,20,12,22,5,21,7,27,16,34,5,13,15,14,21,19,20,34,24,32
326,31,12,16,24,8,32,5,23,34,16,26,23,5,27,32,32,5,10,34,30,10,10,23,20,21,32,27,23,13,28
327,13,28,17,24,17,18,18,12,21,34,34,13,8,14,12,26,31,14,6,12,30,6,17,29,21,33,25,25,7,30
328,10,12,20,20,16,19,21,18,7,7,17,33,15,7,5,8,16,24,30,34,26,25,23,6,7,16,31,19,24,24
329,26,26,17,17,6,32,34,12,6,15,7,6,6,16,5,16,7,13,34,29,32,15,13,29,13,26,29,6,31,10
330,18,11,15,27,17,29,23,30,14,33,13,31,14,14,29,19,20,34,28,7,30,14,6,34,10,34,24,14,7,31
331,22,5,11,14,22,6,7,16,17,24,13,29,9,18,27,5,29,30,28,7,25,7,21,16,5,15,34,33,19,8
332,20,21,33,7,25,6,22,26,16,14,17,20,10,11,7,20,14,29,17,30,25,15,30,21,20,7,5,17,19,15
333,15,12,16,25,29,29,13,11,9,28,25,25,22,21,7,16,17,27,20,20,25,33,25,22,28,15,12,11,22,27
334,7,29,24,10,21,16,31,32,26,21,12,20,30,21,18,18,11,22,11,6,33,8,28,22,34,32,26,33,11,30
335,11,19,16,30,7,12,15,12,16,13,29,10,10,10,34,9,15,32,16,22,9,30,20,10,15,14,10,20,24,29
336,15,17,13,9,34,25,7,10,29,9,30,34,9,13,6,5,6,5,19,5,32,12,6,11,26,26,19,31,19,19
337,18,32,9,15,5,17,7,12,19,18,18,32,33,22,9,7,13,19,26,22,13,6,27,31,26,18,11,19,5,33
338,25,15,18,27,34,9,30,15,16,7,17,17,9,26,14,12,28,12,5,32,29,22,15,24,17,10,26,17,16,19
339,15,20,10,23,24,7,15,34,10,32,7,6,25,15,15,6,7,10,18,25,16,23,30,20,16,31,7,8,14,29
340,8,28,18,7,9,5,32,31,16,30,10,11,17,12,23,15,13,22,18,31,20,23,30,16,31,29,20,30,29,8
341,27,22,18,19,10,19,7,33,9,31,17,7,20,26,13,7,26,16,19,25,23,24,22,11,27,31,27,10,5,18
342,29,31,7,16,5,29,12,24,29,30,10,7,9,30,10,22,8,13,23,16,5,12,5,16,25,21,31,22,27,29
343,9,7,18,7,12,24,34,32,19,7,29,31,17,18,18,31,8,15,26,27,34,7,26,16,7,8,7,28,33,17
344,5,30,34,24,19,18,30,28,21,13,19,10,12,13,24,31,30,7,7,26,24,24,28,16,16,21,29,32,5,29
345,28,14,18,22,17,24,33,26,15,19,19,15,14,8,25,11,25,11,9,33,24,14,9,34,27,17,9,23,24,31
346,13,21,16,5,33,6,34,7,21,8,27,21,13,34,22,27,10,33,30,34,27,20,15,19,19,25,25,28,20,28
347,31,33,8,17,16,21,20,29,18,33,21,25,17,7,11,15,7,21,14,33,16,27,9,17,22,21,14,22,5,8
348,10,27,15,13,14,8,11,23,26,12,31,27,5,28,33,34,33,12,18,12,6,28,11,20,17,7,17,30,32,34
349,12,13,23,14,9,30,24,33,34,27,5,5,17,17,30,16,5,21,20,28,25,29,20,21,7,28,27,29,22,11
350,27,28,13,34,28,30,13,15,28,20,19,30,23,26,13,5,17,26,20,21,15,13,34,19,8,7,8,14,26,15
351,22,11,15,10,19,9,21,6,33,28,25,30,17,23,10,12,22,12,27,7,13,6,8,33,30,29,11,29,14,24
352,10,18,15,9,17,27,22,23,26,21,11,8,29,28,33,26,29,9,29,17,5,31,26,12,5,9,25,30,31,6
353,30,30,15,11,30,19,14,17,24,16,7,15,13,32,8,16,24,6,22,23,25,15,20,19,32,23,13,5,31,13
354,15,21,11,12,25,18,26,15,30,22,22,31,20,20,16,9,18,28,23,22,8,7,15,15,29,8,10,12,32,24
355,26,28,10,29,25,19,11,16,7,9,31,22,34,17,11,18,23,20,26,8,17,23,10,5,20,31,10,21,28,5
356,9,23,25,6,25,8,30,30,21,20,32,7,6,27,25,10,13,15,24,10,28,32,25,9,26,7,24,13,17,18
357,26,27,6,31,13,20,9,21,5,9,26,22,34,28,34,24,34,17,30,15,23,26,10,31,22,16,15,20,30,20
358,13,30,16,21,34,13,22,8,15,10,23,14,30,6,26,15,26,28,18,33,32,12,9,7,21,11,16,20,23,19
359,24,13,10,28,33,30,17,10,26,19,10,19,24,15,34,19,28,19,5,29,26,9,18,14,32,28,17,14,28,15
360,5,8,9,29,7,19,26,26,23,20,32,10,28,7,24,7,25,21,26,10,15,6,13,20,11,25,5,24,10,29
361,17,32,14,30,16,8,24,15,19,29,29,10,20,14,5,28,16,19,10,25,31,18,34,24,34,10,10,15,6,12
362,31,18,8,21,33,21,32,10,21,19,32,15,25,13,10,5,30,22,20,10,15,25,20,6,12,10,14,10,6,9
363,20,7,9,31,27,18,23,19,27,5,31,22,7,8,31,25,22,20,9,27,17,5,34,14,11,31,34,21,30,29
364,21,33,7,8,12,14,24,7,23,20,28,9,15,18,26,26,9,10,6,19,31,19,30,24,20,25,31,21,19,34
365,15,10,30,34,20,11,32,32,8,32,7,28,15,21,22,32,31,23,30,33,26,17,7,34,26,28,11,23,16,22
366,32,27,9,5,20,15,5,28,23,27,23,8,29,9,31,9,29,29,27,25,24,30,27,9,10,16,8,26,32,16
367,5,23,8,5,5,24,24,28,31,24,16,9,20,18,26,18,27,31,15,14,16,25,5,6,34,17,23,17,29,34
368,21,16,8,22,27,29,8,19,26,26,29,11,7,14,17,27,15,15,27,13,10,22,23,6,5,11,25,6,31,22
369,26,6,12,9,6,23,15,27,23,24,31,31,27,25,34,20,27,31,8,10,5,20,33,13,8,12,26,29,17,6
370,26,26,11,15,30,24,34,24,20,31,6,30,11,8,17,15,10,11,19,6,20,19,33,7,14,30,7,18,33,26
371,20,33,23,18,33,25,19,10,34,26,15,34,29,31,24,21,33,15,29,9,21,25,10,25,13,25,20,30,7,14
372,17,18,18,28,12,20,31,6,10,23,33,5,18,34,22,18,12,8,22,24,9,31,34,33,30,26,31,26,26,22
373,27,29,33,25,24,7,31,25,31,24,23,27,16,29,11,21,22,6,13,18,13,13,29,5,21,12,33,9,10,27
374,6,23,34,5,7,23,28,17,5,15,30,15,31,18,19,34,7,7,29,19,26,29,25,10,23,34,5,16,13,33
375,18,7,6,29,28,22,18,17,16,9,13,31,14,23,25,27,20,22,15,13,32,30,29,33,21,20,14,13,28,33
376,12,11,30,6,26,18,30,6,26,27,25,15,20,16,32,34,30,21,11,15,19,7,32,14,14,14,17,18,32,31
377,21,32,22,22,9,20,16,30,7,19,11,11,16,22,21,17,19,13,33,5,11,31,30,10,33,14,31,33,11,16
378,13,34,30,8,28,5,13,20,6,25,8,23,22,22,28,18,21,7,34,19,19,6,24,17,24,16,20,5,28,26
379,19,12,17,28,19,16,19,24,17,25,25,15,28,10,6,13,16,18,7,10,5,14,31,25,21,15,32,32,22,21
380,24,8,7,28,21,11,25,21,33,8,23,7,19,13,6,29,33,9,29,30,21,28,11,21,32,19,12,8,20,25
381,11,20,33,12,24,7,16,28,34,32,10,20,18,8,5,19,19,11,21,7,27,32,33,9,34,32,24,29,14,7
382,16,34,20,13,28,13,7,32,7,15,24,28,8,32,27,21,29,34,24,25,22,7,7,25,11,34,21,7,27,11
383,25,10,5,20,15,5,7,16,12,28,17,30,30,14,8,23,29,34,24,9,28,20,7,9,9,33,18,34,16,11
384,31,30,17,11,9,20,16,30,11,15,33,30,16,15,16,15,20,31,26,16,8,13,20,25,21,20,11,17,16,24
385,5,7,23,26,28,16,31,30,19,33,6,29,24,27,28,26,14,13,28,18,17,30,31,18,7,34,33,9,5,13
386,34,20,9,34,24,18,23,10,28,14,11,11,31,27,13,9,26,30,31,25,31,26,10,10,19,11,30,30,12,12
387,9,24,22,17,21,20,31,10,31,29,25,14,33,27,14,12,27,29,30,17,27,30,16,30,29,14,11,33,23,34
388,8,12,11,6,17,12,18,14,6,16,30,26,20,6,17,19,6,5,8,29,31,9,24,17,20,29,10,31,24,15
389,18,16,12,5,13,30,30,28,15,13,18,25,11,11,5,22,17,5,23,33,23,26,7,11,20,19,24,15,11,15
390,27,7,24,15,11,18,8,19,7,17,26,13,27,23,28,27,31,33,32,13,19,23,33,27,7,19,28,7,10,32
391,33,7,28,26,20,8,5,9,13,19,14,31,18,10,10,23,9,12,27,32,33,22,29,15,33,15,24,31,23,20
392,6,18,16,20,26,21,18,28,19,14,27,33,10,22,21,22,8,10,16,22,16,21,8,14,21,20,31,5,15,20
393,21,31,5,29,16,7,22,12,22,32,13,17,8,19,25,30,31,27,17,30,24,32,34,26,26,27,21,17,9,9
394,13,34,22,6,16,33,20,7,24,25,25,19,29,20,16,16,22,18,22,25,25,34,18,25,9,5,15,15,7,10
395,17,29,21,26,17,18,22,33,22,6,12,24,27,24,24,19,16,12,29,5,11,11,19,25,30,22,30,32,30,26
396,13,5,27,26,16,11,24,23,14,29,22,22,14,23,11,24,22,26,9,6,26,9,34,31,30,9,7,33,31,29
397,18,23,11,11,20,17,25,10,30,5,11,7,16,25,32,32,30,20,26,28,32,17,27,23,22,33,23,28,19,27
398,17,21,11,30,10,12,12,20,16,20,21,28,20,34,34,5,25,10,6,12,31,13,29,7,30,31,10,27,10,11
399,15,16,32,32,25,19,26,20,20,9,6,29,25,18,20,20,15,11,15,17,6,15,30,8,21,22,10,31,8,34
400,19,17,11,30,34,32,25,6,31,26,20,5,32,19,25,10,28,8,6,33,23,33,32,14,30,32,29,19,29,5
401,11,14,28,28,18,26,7,20,8,7,18,29,15,23,22,18,12,17,20,27,11,18,12,13,10,9,14,29,16,24
402,11,11,34,15,16,16,6,11,8,8,23,32,18,30,18,23,15,15,8,22,11,30,24,27,23,32,9,34,18,13
403,13,20,28,7,23,21,34,25,29,29,28,14,18,12,8,16,32,14,33,5,17,29,12,18,19,27,33,34,10,26
404,26,25,24,6,28,10,26,31,12,28,12,25,27,9,19,27,10,26,5,6,15,30,25,14,10,28,17,13,29,28
405,18,14,29,33,27,12,24,34,18,22,17,6,14,9,6,28,5,34,21,13,9,20,29,12,19,23,23,10,7,26
406,21,5,6,7,6,7,22,18,26,21,33,31,11,23,14,33,12,31,6,23,15,19,15,23,7,25,6,6,21,31
407,34,26,28,27,10,30,16,8,25,16,22,16,14,11,29,23,18,26,26,21,33,17,17,9,16,33,11,26,34,32
408,11,16,21,26,25,26,8,31,15,31,7,6,30,30,25,8,29,32,8,32,21,8,15,33,17,30,29,28,24,16
409,15,16,6,25,20,18,22,24,7,5,24,12,25,32,30,26,23,32,9,5,14,20,25,18,28,8,34,15,22,15
410,22,27,22,12,12,26,8,30,18,15,18,32,15,26,11,12,17,17,33,19,15,29,21,26,26,21,16,8,31,5
411,34,24,18,13,8,19,5,14,21,6,20,12,5,20,27,7,5,17,23,32,22,18,12,25,27,12,9,23,22,15
412,25,31,34,5,9,11,34,11,15,28,31,31,30,30,30,8,5,31,7,20,8,20,15,17,28,24,27,23,22,24
413,11,22,22,28,6,20,29,12,8,27,11,25,11,12,34,5,7,28,7,6,29,32,12,33,25,22,17,5,13,13
414,32,32,18,11,20,13,34,9,14,14,26,6,21,6,14,9,31,10,11,17,25,12,27,16,13,18,25,15,31,24
415,9,13,14,8,28,6,28,24,22,27,13,21,20,9,26,20,16,12,7,6,18,5,19,11,6,14,9,22,7,28
416,8,5,12,25,16,6,25,34,13,11,15,21,31,12,18,11,22,28,31,5,34,21,14,19,28,10,22,19,14,17
417,26,10,21,12,16,29,14,30,5,18,7,26,14,14,13,18,7,23,15,6,32,34,25,21,26,32,8,22,5,13
418,23,9,21,22,18,5,15,24,12,22,28,23,17,17,24,23,14,29,30,9,32,32,23,21,21,9,27,20,27,29
419,5,25,34,25,9,17,5,11,6,9,18,17,26,10,15,21,11,30,19,16,11,13,7,24,23,27,32,8,15,23
420,34,12,24,8,21,32,27,9,22,15,27,29,23,9,10,16,22,33,21,32,21,30,14,31,23,32,11,31,21,28
421,34,11,25,11,19,31,24,11,22,12,34,15,34,10,28,10,24,28,5,23,13,24,21,30,33,15,29,8,13,30
422,25,17,25,20,26,18,20,33,27,33,19,30,25,21,5,24,32,30,28,9,17,22,27,20,23,7,17,8,9,16
423,18,11,24,21,26,5,27,34,15,16,19,11,23,17,19,9,8,9,29,21,25,15,13,30,15,8,8,5,8,23
424,18,20,14,21,17,28,6,16,31,28,18,34,16,34,5,24,6,33,30,25,14,6,9,20,28,10,21,25,5,12
425,30,22,11,30,15,18,29,16,13,10,26,32,30,26,20,5,15,14,30,8,23,24,13,28,33,29,20,16,14,20
426,32,5,13,20,33,5,26,34,34,27,10,16,34,32,15,9,5,13,15,32,22,21,10,12,32,9,19,9,25,30
427,32,32,18,17,12,18,19,32,30,15,22,27,6,29,10,30,18,27,12,23,33,5,22,25,13,17,19,31,13,23
428,6,23,21,17,10,29,34,32,25,14,24,19,5,29,9,5,9,7,32,13,13,22,18,23,7,33,19,12,22,21
429,27,19,16,26,18,33,18,34,20,11,10,12,16,9,17,18,28,30,6,29,22,27,22,28,21,9,14,16,5,34
430,18,12,24,26,23,14,27,20,33,27,25,10,32,20,27,14,24,22,23,31,21,16,5,11,32,5,11,17,15,19
431,17,23,17,17,23,17,32,15,30,7,9,19,15,14,23,10,17,22,28,34,33,8,5,15,32,28,11,15,23,33
432,20,25,22,33,23,21,9,20,23,6,32,25,10,34,34,22,6,12,27,30,26,20,23,10,15,16,12,5,20,13
433,7,16,5,12,24,20,27,9,6,20,5,28,34,33,18,16,10,13,32,9,32,10,13,33,33,14,19,24,18,33
434,27,25,27,18,23,26,14,11,34,30,31,10,24,26,20,12,16,15,21,33,18,18,19,13,21,29,17,31,5,33
435,14,31,10,6,32,34,34,9,7,6,26,7,13,30,16,24,13,5,9,30,29,33,22,15,12,16,17,16,24,18
436,22,7,5,34,23,31,15,29,22,31,23,11,32,25,21,8,11,22,26,33,18,30,21,7,13,23,21,27,8,6
437,12,11,19,17,33,9,17,18,6,26,13,6,12,27,18,32,22,22,16,28,25,19,24,10,15,14,23,13,5,8
438,16,6,11,8,7,21,33,10,30,30,24,26,33,31,24,14,26,8,32,31,33,9,13,14,23,33,20,10,27,18
439,14,6,22,17,27,28,20,33,5,24,23,32,10,6,16,30,27,12,28,24,16,20,23,6,31,26,7,32,13,7
440,16,34,33,24,5,21,15,29,12,19,10,21,29,30,34,29,11,22,5,33,19,28,19,7,12,32,24,20,25,22
441,17,19,17,5,11,8,12,12,7,28,34,34,27,18,30,5,15,11,29,26,17,21,16,29,11,8,10,20,19,24
442,24,26,7,19,28,15,13,11,8,28,7,28,33,20,33,24,34,33,6,10,10,13,18,23,5,26,16,12,5,16
443,6,11,34,27,27,24,9,23,32,20,26,31,27,19,26,31,33,24,31,27,9,19,32,24,31,10,25,9,6,10
444,31,28,6,16,11,24,16,8,31,18,19,28,17,22,13,5,9,5,20,12,26,29,19,29,5,34,19,32,31,24
445,6,18,13,5,31,9,17,14,14,33,7,19,28,25,16,30,25,17,34,18,29,16,26,28,23,8,28,24,5,10
446,14,8,34,14,30,28,25,33,12,26,21,19,10,28,26,15,10,13,17,21,24,26,23,34,21,15,8,17,17,25
447,21,19,27,5,16,26,5,17,16,14,34,6,8,12,17,21,22,23,6,25,11,14,9,31,27,13,21,26,12,8
448,33,26,20,32,34,20,26,30,5,29,26,19,12,32,8,23,17,22,28,28,11,19,21,21,18,17,34,13,7,26
449,33,25,10,34,34,12,7,13,9,16,17,32,25,15,13,14,27,12,26,11,31,18,9,28,32,12,29,8,11,9
450,24,5,30,24,7,13,19,14,33,34,14,22,12,23,22,33,33,19,5,26,34,24,14,7,12,18,5,16,9,30
451,32,6,32,10,23,17,27,20,25,25,14,22,25,22,31,15,8,12,24,19,27,22,29,28,21,21,28,10,11,32
452,12,26,9,7,12,14,16,15,10,20,16,11,29,14,24,17,6,12,33,18,17,11,34,8,15,31,16,33,17,19
453,16,29,19,29,30,8,26,28,29,13,13,14,9,18,11,9,5,30,30,24,17,9,7,30,30,29,20,8,25,24
454,22,8,7,14,26,7,12,30,19,8,13,7,6,31,26,12,33,15,11,12,14,8,15,9,13,16,26,8,32,6
455,26,17,34,20,9,8,24,31,12,15,18,21,17,9,10,34,17,18,16,34,19,12,24,29,31,13,11,26,34,18
456,27,29,6,24,31,5,26,8,12,18,24,8,20,7,17,8,8,23,29,31,28,25,5,14,25,13,26,5,31,17
457,30,25,21,10,7,16,28,15,27,14,30,17,8,31,21,29,33,32,10,11,26,11,31,25,14,11,25,12,16,23
458,9,15,17,7,23,24,34,7,18,17,23,8,34,11,10,19,20,9,33,30,21,19,19,11,30,12,26,8,8,20
459,32,28,18,9,23,10,28,14,28,15,30,10,17,19,27,16,17,20,18,30,18,13,10,10,33,26,29,22,26,15
460,32,30,26,11,32,8,20,13,31,23,11,31,14,6,15,5,17,13,12,22,33,16,16,7,32,7,6,31,16,11
461,20,19,6,18,25,23,7,10,32,32,18,11,27,34,33,18,17,22,27,9,14,27,29,9,20,24,33,27,31,31
462,24,14,34,19,9,28,30,15,19,6,25,12,29,25,29,14,9,8,11,5,20,12,18,29,7,28,14,14,20,31
463,32,18,25,18,10,11,30,26,22,6,11,15,29,31,21,21,12,29,29,20,20,9,12,14,7,28,30,12,13,28
464,27,5,10,11,6,23,12,11,7,26,17,22,6,22,11,20,17,25,16,11,13,34,6,17,30,9,21,21,30,9
465,18,21,6,20,30,29,29,33,24,19,26,28,20,11,7,24,30,14,11,21,34,10,12,17,26,27,29,18,7,6
466,12,34,8,22,16,32,21,12,30,26,12,8,12,25,18,34,16,5,27,16,15,20,7,12,18,15,9,30,17,19
467,22,13,8,7,9,20,7,23,6,10,18,12,9,5,8,10,5,32,29,34,20,27,11,17,26,26,26,22,16,29
468,5,31,7,8,16,11,27,26,15,29,12,27,10,22,31,21,7,22,23,34,33,33,16,26,32,32,13,13,33,9
469,34,23,14,13,19,28,18,11,17,34,20,21,25,24,5,17,34,32,19,5,24,14,17,17,22,26,34,34,30,7
470,17,16,16,20,16,14,15,19,25,17,30,28,31,15,13,16,33,17,23,11,12,7,21,22,27,8,13,8,20,14
471,8,9,9,19,28,13,30,5,10,29,15,10,33,9,32,9,14,30,22,8,33,17,8,18,22,7,21,8,28,27
472,27,6,33,14,26,23,19,16,5,20,6,7,29,27,10,5,32,9,30,30,7,15,9,7,28,34,30,6,14,7
473,20,13,17,30,19,8,27,10,14,10,27,8,25,5,14,19,22,17,11,22,18,13,20,10,28,16,7,31,23,27
474,7,30,9,29,22,17,19,23,32,5,16,15,24,32,34,21,21,16,17,25,29,29,24,30,30,19,11,21,24,19
475,26,16,17,34,23,10,28,32,33,27,16,11,16,10,12,5,25,19,34,27,32,6,24,25,26,29,30,34,20,27
476,9,21,7,31,29,31,28,29,23,16,33,28,8,16,17,33,33,16,17,32,22,12,34,5,13,6,14,10,8,25
477,29,7,21,22,17,6,16,29,19,21,26,28,28,30,28,23,28,24,9,28,19,11,34,17,6,5,12,9,8,21
478,16,33,8,11,30,18,31,29,6,15,29,8,34,26,8,23,25,6,20,31,19,32,25,6,34,13,9,31,9,16
479,30,9,14,14,32,22,15,19,14,34,17,15,22,34,29,5,13,30,9,5,18,16,32,12,33,18,28,8,5,9
480,32,7,7,32,21,31,31,10,11,18,7,10,8,5,27,15,29,32,33,32,8,25,28,26,29,16,7,9,5,32
481,6,14,12,29,18,21,22,26,23,32,17,26,31,29,10,19,12,24,24,30,19,22,22,33,13,33,13,6,5,5
482,21,27,32,11,22,16,31,34,18,10,33,24,24,15,27,16,7,23,34,6,34,29,24,9,22,23,17,30,8,13
483,20,12,10,29,30,32,15,24,10,9,15,15,18,20,27,21,28,10,28,21,24,12,28,8,19,26,15,34,8,11
484,27,12,22,26,12,28,17,26,30,26,12,17,22,14,16,26,27,27,6,15,21,8,10,34,19,13,11,13,24,14
485,25,16,7,12,22,33,31,23,11,5,32,19,24,20,15,7,17,22,29,16,25,24,24,24,20,15,5,32,19,33
486,9,34,30,30,27,16,29,16,20,20,8,7,18,23,25,23,7,15,24,33,9,16,16,19,24,5,24,22,8,15
487,8,34,18,28,11,8,27,13,17,11,12,23,5,19,8,32,33,24,29,18,17,27,25,23,8,33,30,13,30,29
488,9,19,28,30,20,5,11,14,16,14,21,29,5,8,8,20,14,6,23,23,32,6,33,23,24,16,9,24,20,24
489,18,8,12,16,10,15,32,9,8,30,5,9,30,16,29,23,13,33,25,8,16,17,34,11,19,10,20,10,12,27
490,16,17,31,34,14,28,6,32,32,23,15,19,13,23,22,18,10,9,20,30,34,31,10,32,9,27,19,7,7,12
491,31,25,28,11,26,14,34,17,34,11,27,12,19,8,29,20,31,17,12,20,31,14,6,15,9,24,23,11,18,10
492,7,19,17,23,25,28,8,21,11,25,22,27,12,21,31,20,34,19,6,13,24,28,25,16,29,20,24,27,23,8
493,31,9,33,26,21,18,15,28,20,13,10,8,15,34,15,32,28,14,22,11,15,20,22,20,13,21,33,14,34,6
494,27,16,31,8,32,32,26,22,7,16,12,23,14,17,30,7,34,28,5,28,34,25,29,33,6,24,22,17,22,12
495,11,31,27,24,32,25,5,6,12,5,29,15,28,13,20,23,20,15,9,13,11,24,30,26,25,5,16,18,27,26
496,19,30,15,21,10,28,33,11,8,17,24,12,27,9,25,34,19,8,23,19,26,5,14,16,15,11,18,10,5,23
497,9,32,31,33,32,29,8,19,15,10,11,32,23,21,16,12,12,19,20,14,30,15,7,11,22,28,25,23,25,22
498,16,33,28,15,6,9,33,8,6,23,14,12,26,19,19,8,27,20,14,17,13,19,20,24,7,33,29,13,34,15
499,19,33,33,18,24,23,10,22,10,25,19,29,30,29,32,8,24,23,10,8,13,31,18,16,14,16,18,10,29,11
